,OBJECTID,ID,TransferYear,Directory,FactSheetUrl,ZoomLevel,Latitude,Longitude,Name,NameMnemonic,StateCode,PublicWebpageUrl,RegulatoryDriver,MaintenanceCategory,SiteCoordSysWkid,SiteCoordSysWkt,AvailableOnWeb,ShortName,LastUpdated,LastRun,geometry
0,1,1,1998,\NM\AmbrosiaLakeDisposal,https://www.lm.doe.gov/WorkArea/linkit.aspx?LinkIdentifier=id&ItemID=1478,15,35.408798,-107.799285,"Ambrosia Lake, NM, Disposal Site",AMB,NM,https://www.energy.gov/lm/ambrosia-lake-new-mexico-disposal-site,UMTRCA Title I,2,32014,,Y,Ambrosia Lake Disposal Site,1.60E+12,1.61E+12,POINT (-12000161.5141 4219574.868500002)
1,2,2,2008,\AK\Amchitka,https://www.lm.doe.gov/WorkArea/linkit.aspx?LinkIdentifier=id&ItemID=491,13,51.436583,179.179778,"Amchitka, AK, Site",AMC,AK,https://www.energy.gov/lm/amchitka-alaska-site,Nevada Offsites,2,102640,,Y,Amchitka Site,1.60E+12,1.61E+12,POINT (19946201.6474 6698886.590599999)
2,3,3,2004,\NM\L-BarDisposal,https://www.lm.doe.gov/WorkArea/linkit.aspx?LinkIdentifier=id&ItemID=1515,15,35.187651,-107.334722,"L-Bar, NM, Disposal Site",BAR,NM,https://www.energy.gov/lm/l-bar-new-mexico-disposal-site,UMTRCA Title II,2,6318,,Y,L-Bar Disposal Site,1.61E+12,1.61E+12,POINT (-11948446.5975 4189411.496299997)
3,4,4,1997,\NM\BluewaterDisposal,https://www.lm.doe.gov/WorkArea/linkit.aspx?LinkIdentifier=id&ItemID=1491,14,35.270623,-107.947483,"Bluewater, NM, Disposal Site",BLU,NM,https://www.energy.gov/lm/bluewater-new-mexico-disposal-site,UMTRCA Title II,2,6318,,Y,Bluewater Disposal Site,1.60E+12,1.61E+12,POINT (-12016658.84 4200718.815499999)
4,5,5,2004,\PR\BONUSDecommissionedReactor,https://www.lm.doe.gov/WorkArea/linkit.aspx?LinkIdentifier=id&ItemID=1787,18,18.364744,-67.268557,"BONUS, PR, Decommissioned Reactor Site",BON,PR,https://www.energy.gov/lm/bonus-puerto-rico-decommissioned-reactor-site,D&D,2,-1,,Y,BONUS Decommissioned Reactor Site,1.61E+12,1.61E+12,POINT (-7488301.511600001 2080285.691300001)
5,6,6,1994,\PA\BurrellDisposal,https://www.lm.doe.gov/WorkArea/linkit.aspx?LinkIdentifier=id&ItemID=1806,15,40.433059,-79.242531,"Burrell, PA, Disposal Site",BUR,PA,https://www.energy.gov/lm/burrell-pennsylvania-disposal-site,UMTRCA Title I,2,6318,,Y,Burrell Disposal Site,1.61E+12,1.61E+12,POINT (-8821238.200099999 4929074.244400002)
6,7,7,1996,\PA\CanonsburgDisposal,https://www.lm.doe.gov/WorkArea/linkit.aspx?LinkIdentifier=id&ItemID=1811,17,40.256152,-80.199721,"Canonsburg, PA, Disposal Site",CAN,PA,https://www.energy.gov/lm/canonsburg-pennsylvania-disposal-site,UMTRCA Title I,2,6318,,Y,Canonsburg Disposal Site,1.61E+12,1.61E+12,POINT (-8927792.103499999 4903235.708700001)
7,8,8,2008,\NV\CentralNevadaTestArea,https://www.lm.doe.gov/WorkArea/linkit.aspx?LinkIdentifier=id&ItemID=1376,13,38.634232,-116.216219,"Central Nevada Test Area, NV",CNT,NV,https://www.energy.gov/lm/central-nevada-test-area-cnta-nevada-site,Nevada Offsites,2,6318,,Y,Central Nevada Test Area,1.60E+12,1.61E+12,POINT (-12937130.321 4669413.050800003)
8,9,9,1996,\CO\DurangoDisposal,https://www.lm.doe.gov/WorkArea/linkit.aspx?LinkIdentifier=id&ItemID=942,16,37.248481,-107.903876,"Durango, CO, Disposal Site",DUD,CO,https://www.energy.gov/lm/durango-colorado-disposal-and-processing-sites,UMTRCA Title I,2,6318,,Y,Durango Disposal Site,1.60E+12,1.61E+12,POINT (-12011804.5309 4473798.660899997)
9,10,10,1996,\CO\DurangoProcessing,https://www.lm.doe.gov/WorkArea/linkit.aspx?LinkIdentifier=id&ItemID=942,15,37.26562,-107.884723,"Durango, CO, Processing Site",DUP,CO,https://www.energy.gov/lm/durango-colorado-disposal-and-processing-sites,UMTRCA Title I,2,102655,,Y,Durango Processing Site,1.60E+12,1.61E+12,POINT (-12009672.4287 4476195.744400002)
10,11,11,1996,\SD\EdgemontDisposal,https://www.lm.doe.gov/WorkArea/linkit.aspx?LinkIdentifier=id&ItemID=1844,15,43.273539,-103.794231,"Edgemont, SD, Disposal Site",EDG,SD,https://www.energy.gov/lm/edgemont-south-dakota-disposal-site,UMTRCA Title II,2,32035,,Y,Edgemont Disposal Site,1.60E+12,1.61E+12,POINT (-11554320.9422 5353700.3869)
11,12,12,1997,\TX\FallsCityDisposal,https://www.lm.doe.gov/WorkArea/linkit.aspx?LinkIdentifier=id&ItemID=1856,16,28.905375,-98.132276,"Falls City, TX, Disposal Site",FCT,TX,https://www.energy.gov/lm/falls-city-texas-disposal-site,UMTRCA Title I,2,6318,,Y,Falls City Disposal Site,1.60E+12,1.61E+12,POINT (-10924034.9947 3363607.896600001)
12,13,13,2008,\OH\FernaldPreserve,https://www.lm.doe.gov/WorkArea/linkit.aspx?LinkIdentifier=id&ItemID=7241,14,39.29945,-84.688331,"Fernald Preserve, OH, Site",FER,OH,https://www.energy.gov/lm/fernald-preserve-ohio-site,CERCLA/RCRA,3,3735,,Y,Fernald Preserve Site,1.60E+12,1.61E+12,POINT (-9427461.883099999 4764656.437100001)
13,14,14,2002,\CO\GrandJunction,https://www.lm.doe.gov/WorkArea/linkit.aspx?LinkIdentifier=id&ItemID=948,16,39.043371,-108.573355,"Grand Junction, CO, Site",GJO,CO,https://www.energy.gov/lm/grand-junction-colorado-site,D&D,2,6428,,Y,Grand Junction Site,1.60E+12,1.61E+12,POINT (-12086330.5923 4727886.001599997)
14,15,15,1999,\CO\GrandJunctionProcessing,https://www.lm.doe.gov/WorkArea/linkit.aspx?LinkIdentifier=id&ItemID=960,16,39.055441,-108.54925,"Grand Junction, CO, Processing Site",GJT,CO,https://www.energy.gov/lm/grand-junction-colorado-disposal-and-processing-sites,UMTRCA Title I,3,6318,,Y,Grand Junction Processing Site,1.61E+12,1.61E+12,POINT (-12083647.236 4729616.134300001)
15,16,16,2008,\NM\Gnome-Coach,https://www.lm.doe.gov/WorkArea/linkit.aspx?LinkIdentifier=id&ItemID=1513,15,32.263164,-103.866477,"Gnome-Coach, NM, Site",GNO,NM,https://www.energy.gov/lm/gnome-coach-new-mexico-site,Nevada Offsites,2,6318,,Y,Gnome-Coach Site,1.60E+12,1.61E+12,POINT (-11562363.3301 3797904.781000003)
16,17,17,1999,\CO\GrandJunctionDisposal,https://www.lm.doe.gov/WorkArea/linkit.aspx?LinkIdentifier=id&ItemID=960,16,38.902364,-108.338213,"Grand Junction, CO, Disposal Site",GRJ,CO,https://www.energy.gov/lm/grand-junction-colorado-disposal-and-processing-sites,UMTRCA Title I,3,26754,,Y,Grand Junction Disposal Site,1.60E+12,1.61E+12,POINT (-12060154.7046 4707695.687200002)
17,18,18,1998,\UT\GreenRiverDisposal,https://www.lm.doe.gov/WorkArea/linkit.aspx?LinkIdentifier=id&ItemID=1866,17,38.978164,-110.136749,"Green River, UT, Disposal Site",GRN,UT,https://www.energy.gov/lm/green-river-utah-disposal-site,UMTRCA Title I,2,6318,,Y,Green River Disposal Site,1.60E+12,1.61E+12,POINT (-12260366.8163 4718544.235399999)
18,19,19,2008,\NM\Gasbuggy,https://www.lm.doe.gov/WorkArea/linkit.aspx?LinkIdentifier=id&ItemID=1500,15,36.677903,-107.208999,"Gasbuggy, NM, Site",GSB,NM,https://www.energy.gov/lm/gasbuggy-new-mexico-site,Nevada Offsites,2,6318,,Y,Gasbuggy Site,1.61E+12,1.61E+12,POINT (-11934451.1771 4394305.211300001)
19,20,20,1997,\CO\GunnisonDisposal,https://www.lm.doe.gov/WorkArea/linkit.aspx?LinkIdentifier=id&ItemID=970,16,38.51014,-106.846387,"Gunnison, CO, Disposal Site",GUD,CO,https://www.energy.gov/lm/gunnison-colorado-disposal-and-processing-sites,UMTRCA Title I,2,6318,,Y,Gunnison Disposal Site,1.61E+12,1.61E+12,POINT (-11894085.3939 4651744.268799998)
20,21,21,1997,\CO\GunnisonProcessing,https://www.lm.doe.gov/WorkArea/linkit.aspx?LinkIdentifier=id&ItemID=970,17,38.528258,-106.942532,"Gunnison, CO, Processing Site",GUP,CO,https://www.energy.gov/lm/gunnison-colorado-disposal-and-processing-sites,UMTRCA Title I,2,26754,,Y,Gunnison Processing Site,1.60E+12,1.61E+12,POINT (-11904788.2064 4654322.090599999)
21,22,22,1998,\NE\HallamDecommissionedReactor,https://www.lm.doe.gov/WorkArea/linkit.aspx?LinkIdentifier=id&ItemID=1359,18,40.558519,-96.784697,"Hallam, NE, Decommissioned Reactor Site",HAL,NE,https://www.energy.gov/lm/hallam-nebraska-decommissioned-reactor-site,D&D,2,32006,,Y,Hallam Decommissioned Reactor Site,1.60E+12,1.61E+12,POINT (-10774023.1866 4947439.794100001)
22,23,23,1997,\UT\MexicanHatDisposal,https://www.lm.doe.gov/WorkArea/linkit.aspx?LinkIdentifier=id&ItemID=1872,16,37.133607,-109.874549,"Mexican Hat, UT, Disposal Site",HAT,UT,https://www.energy.gov/lm/mexican-hat-utah-disposal-site,UMTRCA Title I,2,32044,,Y,Mexican Hat Disposal Site,1.60E+12,1.61E+12,POINT (-12231178.8458 4457746.278399996)
23,24,24,1995,\OR\LakeviewDisposal,https://www.lm.doe.gov/WorkArea/linkit.aspx?LinkIdentifier=id&ItemID=1776,16,42.285784,-120.433462,"Lakeview, OR, Disposal Site",LKD,OR,https://www.energy.gov/lm/lakeview-oregon-disposalprocessing-sites,UMTRCA Title I,2,32027,,Y,Lakeview Disposal Site,1.60E+12,1.61E+12,POINT (-13406591.6643 5203885.098399997)
24,25,25,1995,\OR\LakeviewProcessing,https://www.lm.doe.gov/WorkArea/linkit.aspx?LinkIdentifier=id&ItemID=1776,15,42.21008,-120.36367,"Lakeview, OR, Processing Site",LKP,OR,https://www.energy.gov/lm/lakeview-oregon-disposalprocessing-sites,UMTRCA Title I,2,32027,,Y,Lakeview Processing Site,1.60E+12,1.61E+12,POINT (-13398822.4544 5192500.540600002)
25,26,26,1994,\ID\LowmanDisposal,https://www.lm.doe.gov/WorkArea/linkit.aspx?LinkIdentifier=id&ItemID=1203,17,44.08479,-115.606689,"Lowman, ID, Disposal Site",LOW,ID,https://www.energy.gov/lm/lowman-idaho-disposal-site,UMTRCA Title I,2,6318,,Y,Lowman Disposal Site,1.61E+12,1.61E+12,POINT (-12869277.7518 5478573.0207)
26,27,27,2010,\CO\MaybellWestDisposal,https://www.lm.doe.gov/WorkArea/linkit.aspx?LinkIdentifier=id&ItemID=6878,16,40.544556,-108.015615,"Maybell West, CO, Disposal Site",MAW,CO,https://www.energy.gov/lm/maybell-west-colorado-disposal-site,UMTRCA Title II,2,102653,,Y,Maybell West Disposal Site,1.60E+12,1.61E+12,POINT (-12024243.2595 4945394.1109)
27,28,28,1999,\CO\MaybellDisposal,https://www.lm.doe.gov/WorkArea/linkit.aspx?LinkIdentifier=id&ItemID=977,16,40.543859,-107.99287,"Maybell, CO, Disposal Site",MAY,CO,https://www.energy.gov/lm/maybell-colorado-disposal-site,UMTRCA Title I,2,26753,,Y,Maybell Disposal Site,1.60E+12,1.61E+12,POINT (-12021711.2977 4945292.006399997)
28,29,29,2012,\OH\Mound,https://www.lm.doe.gov/WorkArea/linkit.aspx?LinkIdentifier=id&ItemID=594,15,39.627799,-84.286025,"Mound, OH, Site",MND,OH,https://www.energy.gov/lm/mound-ohio-site,CERCLA/RCRA,3,3735,,Y,Mound Site,1.60E+12,1.61E+12,POINT (-9382677.384 4812001.545299999)
29,30,30,2002,\UT\MonticelloDisposalandProcessing,https://www.lm.doe.gov/Monticello/Factsheet_-_Monticello.pdf,14,37.851103,-109.325213,"Monticello, UT, Disposal and Processing Sites",MNT,UT,https://www.energy.gov/lm/monticello-utah-disposal-and-processing-sites,CERCLA/RCRA,3,6627,,Y,Monticello Disposal and Processing Sites,1.60E+12,1.61E+12,POINT (-12170027.042 4558412.961499996)
30,31,31,1997,\AZ\MonumentValleyProcessing,https://www.lm.doe.gov/WorkArea/linkit.aspx?LinkIdentifier=id&ItemID=819,16,36.931242,-109.866515,"Monument Valley, AZ, Processing Site",MON,AZ,https://www.energy.gov/lm/monument-valley-arizona-processing-site,UMTRCA Title I,2,-1,"PROJCS[""AZMON - NAD_1983_2011_StatePlane_Arizona_East_FIPS_0201_Ft"",GEOGCS[""GCS_NAD_1983_2011"",DATUM[""D_NAD_1983_2011"",SPHEROID[""GRS_1980"",6378137.0,298.257222101]],PRIMEM[""Greenwich"",0.0],UNIT[""Degree"",0.0174532925199433]],PROJECTION[""Transverse_Mercator""],PARAMETER[""False_Easting"",699998.6],PARAMETER[""False_Northing"",0.0],PARAMETER[""Central_Meridian"",-110.1666666666667],PARAMETER[""Scale_Factor"",0.9999],PARAMETER[""Latitude_Of_Origin"",31.0],UNIT[""Foot_US"",0.3048006096012192]]",Y,Monument Valley Processing Site,1.60E+12,1.61E+12,POINT (-12230284.505 4429527.1373)
31,32,32,1999,\CO\NaturitaDisposal,https://www.lm.doe.gov/WorkArea/linkit.aspx?LinkIdentifier=id&ItemID=981,17,38.360283,-108.75443,"Naturita, CO, Disposal Site",NAD,CO,https://www.energy.gov/lm/naturita-colorado-disposal-and-processing-sites,UMTRCA Title I,2,26755,,Y,Naturita Disposal Site,1.60E+12,1.61E+12,POINT (-12106487.7691 4630447.487099998)
32,33,33,1999,\CO\NaturitaProcessing,https://www.lm.doe.gov/WorkArea/linkit.aspx?LinkIdentifier=id&ItemID=981,16,38.239805,-108.611094,"Naturita, CO, Processing Site",NAP,CO,https://www.energy.gov/lm/naturita-colorado-disposal-and-processing-sites,UMTRCA Title I,2,6318,,Y,Naturita Processing Site,1.60E+12,1.61E+12,POINT (-12090531.6786 4613357.824600004)
33,34,34,2004,\FL\PinellasCounty,https://www.lm.doe.gov/WorkArea/linkit.aspx?LinkIdentifier=id&ItemID=1152,16,27.874948,-82.749012,"Pinellas County, FL, Site",PIN,FL,https://www.energy.gov/lm/pinellas-county-florida-site,CERCLA/RCRA,3,6318,,Y,Pinellas County Site,1.61E+12,1.61E+12,POINT (-9211577.8795 3233216.722199999)
34,35,35,1998,\OH\PiquaDecommissionedReactor,https://www.lm.doe.gov/WorkArea/linkit.aspx?LinkIdentifier=id&ItemID=1747,18,40.1319,-84.23462,"Piqua, OH, Decommissioned Reactor Site",PIQ,OH,https://www.energy.gov/lm/piqua-ohio-decommissioned-reactor-site,D&D,2,3735,,Y,Piqua Decommissioned Reactor Site,1.60E+12,1.61E+12,POINT (-9376955.0056 4885128.181500003)
35,36,36,1994,\WV\ParkersburgDisposal,https://www.lm.doe.gov/WorkArea/linkit.aspx?LinkIdentifier=id&ItemID=1222,18,39.250115,-81.685817,"Parkersburg, WV, Disposal Site",PKB,WV,https://www.energy.gov/lm/parkersburg-west-virginia-disposal-site,NWPA,2,32050,,Y,Parkersburg Disposal Site,1.60E+12,1.61E+12,POINT (-9093223.5535 4757561.987599999)
36,37,37,2008,\CO\RioBlanco,https://www.lm.doe.gov/WorkArea/linkit.aspx?LinkIdentifier=id&ItemID=1006,15,39.793245,-108.367198,"Rio Blanco, CO, Site",RBL,CO,https://www.energy.gov/lm/rio-blanco-colorado-site,Nevada Offsites,2,26753,,Y,Rio Blanco Site,1.60E+12,1.61E+12,POINT (-12063381.3001 4835942.537100002)
37,38,38,1998,\CO\RifleDisposal,https://www.lm.doe.gov/WorkArea/linkit.aspx?LinkIdentifier=id&ItemID=995,15,39.614434,-107.801258,"Rifle, CO, Disposal Site",RFL,CO,https://www.energy.gov/lm/rifle-colorado-disposal-site-and-processing-sites,UMTRCA Title I,2,6318,,Y,Rifle Disposal Site,1.61E+12,1.61E+12,POINT (-12000381.1474 4810070.055)
38,39,39,1998,\CO\RifleNewProcessing,https://www.lm.doe.gov/WorkArea/linkit.aspx?LinkIdentifier=id&ItemID=995,16,39.524991,-107.814042,"Rifle New, CO, Processing Site",RFN,CO,https://www.energy.gov/lm/rifle-colorado-disposal-site-and-processing-sites,UMTRCA Title I,2,6318,,Y,Rifle New Processing Site,1.61E+12,1.61E+12,POINT (-12001804.2558 4797153.468800001)
39,40,40,1998,\CO\RifleOldProcessing,https://www.lm.doe.gov/WorkArea/linkit.aspx?LinkIdentifier=id&ItemID=995,16,39.529479,-107.771654,"Rifle Old, CO, Processing Site",RFO,CO,https://www.energy.gov/lm/rifle-colorado-disposal-site-and-processing-sites,UMTRCA Title I,2,6318,,Y,Rifle Old Processing Site,1.61E+12,1.61E+12,POINT (-11997085.6452 4797801.190200001)
40,41,41,2008,\CO\RockyFlats,https://www.lm.doe.gov/WorkArea/linkit.aspx?LinkIdentifier=id&ItemID=2963,14,39.889868,-105.209222,"Rocky Flats, CO, Site",RFS,CO,https://www.energy.gov/lm/rocky-flats-site-colorado,CERCLA/RCRA,3,26754,,Y,Rocky Flats Site,1.60E+12,1.61E+12,POINT (-11711837.0198 4849951.0801)
41,42,42,2008,\CO\Rulison,https://www.lm.doe.gov/WorkArea/linkit.aspx?LinkIdentifier=id&ItemID=1065,16,39.405292,-107.948499,"Rulison, CO, Site",RUL,CO,https://www.energy.gov/lm/rulison-colorado-site,Nevada Offsites,2,26754,,Y,Rulison Site,1.60E+12,1.61E+12,POINT (-12016771.9406 4779893.5722)
42,43,43,1991,\WY\RivertonProcessing,https://www.lm.doe.gov/WorkArea/linkit.aspx?LinkIdentifier=id&ItemID=1216,16,42.997679,-108.410329,"Riverton, WY, Processing Site",RVT,WY,https://www.energy.gov/lm/riverton-wyoming-processing-site,UMTRCA Title I,2,6318,,Y,Riverton Processing Site,1.61E+12,1.61E+12,POINT (-12068182.621 5311618.573799998)
43,44,44,2008,\MS\Salmon,https://www.lm.doe.gov/WorkArea/linkit.aspx?LinkIdentifier=id&ItemID=1325,15,31.142285,-89.570012,"Salmon, MS, Site",SAL,MS,https://www.energy.gov/lm/salmon-mississippi-site,Nevada Offsites,2,26794,,Y,Salmon Site,1.60E+12,1.61E+12,POINT (-9970888.1262 3651241.3781)
44,45,45,1998,\IL\SiteAPlotMDecommissionedReactor,https://www.lm.doe.gov/WorkArea/linkit.aspx?LinkIdentifier=id&ItemID=1279,16,41.705321,-87.910908,"SiteAPlotM, IL, Decommissioned Reactor Site",SAM,IL,https://www.energy.gov/lm/site-aplot-m-illinois-decommissioned-reactor-site,D&D,2,102671,,Y,Site_A_Plot_M Decommissioned Reactor Site,1.60E+12,1.61E+12,POINT (-9786197.513699999 5116939.658100002)
45,46,46,2005,\WY\ShirleyBasinSouthDisposal,https://www.lm.doe.gov/WorkArea/linkit.aspx?LinkIdentifier=id&ItemID=1212,14,42.335323,-106.196273,"Shirley Basin South, WY, Disposal Site",SBS,WY,https://www.energy.gov/lm/shirley-basin-south-wyoming-disposal-site,UMTRCA Title II,2,-1,,Y,Shirley Basin South Disposal Site,1.61E+12,1.61E+12,POINT (-11821715.0345 5211342.304200001)
46,47,47,2001,\WA\SherwoodDisposal,https://www.lm.doe.gov/WorkArea/linkit.aspx?LinkIdentifier=id&ItemID=1226,15,47.876183,-118.106188,"Sherwood, WA, Disposal Site",SHE,WA,https://www.energy.gov/lm/sherwood-washington-disposal-site,UMTRCA Title II,2,6318,,Y,Sherwood Disposal Site,1.61E+12,1.61E+12,POINT (-13147520.7077 6086280.761399999)
47,48,48,2008,\NV\Shoal,https://www.lm.doe.gov/WorkArea/linkit.aspx?LinkIdentifier=id&ItemID=1379,14,39.200093,-118.381229,"Shoal, NV, Site",SHL,NV,https://www.energy.gov/lm/shoal-nevada-site,Nevada Offsites,2,32009,,Y,Shoal Site,1.60E+12,1.61E+12,POINT (-13178138.1318 4750373.840400003)
48,49,49,1996,\NM\ShiprockDisposal,https://www.lm.doe.gov/WorkArea/linkit.aspx?LinkIdentifier=id&ItemID=1527,16,36.770014,-108.684297,"Shiprock, NM, Disposal Site",SHP,NM,https://www.energy.gov/lm/shiprock-new-mexico-disposal-site,UMTRCA Title I,3,32014,,Y,Shiprock Disposal Site,1.60E+12,1.61E+12,POINT (-12098680.5993 4407098.004199997)
49,50,50,1997,\UT\SaltLakeCityDisposal,https://www.lm.doe.gov/Salt_Lake/Fact_Sheet_SLC_Processing_and_Disposal_Sites.pdf,15,40.690666,-113.111437,"Salt Lake City, UT, Disposal Site",SLD,UT,https://www.energy.gov/lm/salt-lake-city-utah-disposal-and-processing-sites,UMTRCA Title I,2,32043,,Y,Salt Lake City Disposal Site,1.60E+12,1.61E+12,POINT (-12591507.5697 4966821.482600003)
50,51,51,1997,\UT\SaltLakeCityProcessing,https://www.lm.doe.gov/Salt_Lake/Fact_Sheet_SLC_Processing_and_Disposal_Sites.pdf,16,40.702191,-111.911462,"Salt Lake City, UT, Processing Site",SLP,UT,https://www.energy.gov/lm/salt-lake-city-utah-disposal-and-processing-sites,UMTRCA Title I,2,32043,,Y,Salt Lake City Processing Site,1.60E+12,1.61E+12,POINT (-12457926.9638 4968513.647600003)
51,52,52,1993,\WY\SpookDisposal,https://www.lm.doe.gov/WorkArea/linkit.aspx?LinkIdentifier=id&ItemID=1206,16,43.238852,-105.622524,"Spook, WY, Disposal Site",SPK,WY,https://www.energy.gov/lm/spook-wyoming-disposal-site,UMTRCA Title I,2,32055,,Y,Spook Disposal Site,1.60E+12,1.61E+12,POINT (-11757845.588 5348398.511399999)
52,53,53,1998,\CO\SlickRockDisposal,https://www.lm.doe.gov/WorkArea/linkit.aspx?LinkIdentifier=id&ItemID=1100,16,38.054538,-108.864253,"Slick Rock, CO, Disposal Site",SRD,CO,https://www.energy.gov/lm/slick-rock-colorado-disposal-and-processing-sites,UMTRCA Title I,2,6318,,Y,Slick Rock Disposal Site,1.60E+12,1.61E+12,POINT (-12118713.2096 4587133.070500001)
53,54,54,1998,\CO\SlickRockEastProcessing,https://www.lm.doe.gov/WorkArea/linkit.aspx?LinkIdentifier=id&ItemID=1100,16,38.043158,-108.894528,"Slick Rock East, CO, Processing Site",SRE,CO,https://www.energy.gov/lm/slick-rock-colorado-disposal-and-processing-sites,UMTRCA Title I,2,26755,,Y,Slick Rock East Processing Site,1.60E+12,1.61E+12,POINT (-12122083.4071 4585524.386100002)
54,55,55,1998,\CO\SlickRockWestProcessing,https://www.lm.doe.gov/WorkArea/linkit.aspx?LinkIdentifier=id&ItemID=1100,16,38.045816,-108.909424,"Slick Rock West, CO, Processing Site",SRW,CO,https://www.energy.gov/lm/slick-rock-colorado-disposal-and-processing-sites,UMTRCA Title I,2,6318,,Y,Slick Rock West Processing Site,1.60E+12,1.61E+12,POINT (-12123741.6223 4585900.100400001)
55,56,56,1996,\AZ\TubaCityDisposal,https://www.lm.doe.gov/WorkArea/linkit.aspx?LinkIdentifier=id&ItemID=849,16,36.145483,-111.134793,"Tuba City, AZ, Disposal Site",TUB,AZ,https://www.energy.gov/lm/tuba-city-arizona-disposal-site,UMTRCA Title I,3,26749,,Y,Tuba City Disposal Site,1.60E+12,1.61E+12,POINT (-12371468.5662 4320658.117700003)
56,57,57,2003,\MO\WeldonSpring,https://www.lm.doe.gov/WorkArea/linkit.aspx?LinkIdentifier=id&ItemID=1347,13,38.698168,-90.728274,"Weldon Spring, MO, Site",WEL,MO,https://www.energy.gov/lm/weldon-spring-missouri-site,CERCLA/RCRA,3,102696,,Y,Weldon Spring Site,1.60E+12,1.61E+12,POINT (-10099825.2622 4678528.486100003)
57,58,58,2007,\NJ\Wayne,https://www.lm.doe.gov/WorkArea/linkit.aspx?LinkIdentifier=id&ItemID=2606,18,40.96981,-74.27027,"Wayne, NJ, Site",WYN,NJ,https://www.energy.gov/lm/wayne-new-jersey-site,FUSRAP,1,32011,,Y,Wayne Site,1.60E+12,1.61E+12,POINT (-8267728.637499999 5007889.665100001)
58,59,59,1996,\MI\Adrian,https://www.lm.doe.gov/WorkArea/linkit.aspx?LinkIdentifier=id&ItemID=2091,14,41.887939,-84.014692,"Adrian, MI, Site",ADR,MI,https://www.energy.gov/lm/adrian-michigan-site,FUSRAP,1,-1,,Y,Adrian Site,1.61E+12,1.61E+12,POINT (-9352472.7326 5144208.002300002)
59,60,60,1997,\PA\Aliquippa,https://www.lm.doe.gov/WorkArea/linkit.aspx?LinkIdentifier=id&ItemID=1792,14,40.642126,-80.243968,"Aliquippa, PA, Site",ALP,PA,https://www.energy.gov/lm/aliquippa-pennsylvania-site,FUSRAP,1,-1,,Y,Aliquippa Site,1.61E+12,1.61E+12,POINT (-8932717.657 4959697.778200001)
60,61,61,1993,\OR\Albany,https://www.lm.doe.gov/WorkArea/linkit.aspx?LinkIdentifier=id&ItemID=1760,14,44.62021,-123.1208,"Albany, OR, Site",AOR,OR,https://www.energy.gov//lm/albany-oregon-site,FUSRAP,1,-1,,Y,Albany Site,1.61E+12,1.61E+12,POINT (-13705744.7621 5561928.180100001)
61,62,62,1985,\NM\AcidPuebloCanyon,https://www.lm.doe.gov/WorkArea/linkit.aspx?LinkIdentifier=id&ItemID=1469,14,35.88441,-106.30667,"Acid_Pueblo_Canyon, NM, Site",APC,NM,https://www.energy.gov/lm/acidpueblo-canyon-new-mexico-site,FUSRAP,1,-1,,Y,Acid/Pueblo Canyon Site,1.61E+12,1.61E+12,POINT (-11834004.3723 4284728.000500001)
62,63,63,1984,\NM\BayoCanyon,https://www.energy.gov/sites/prod/files/2020/05/f74/BayoCanyonFactSheet.pdf,14,35.88755,-106.24657,"Bayo Canyon, NM, Site",BAY,NM,https://www.energy.gov/lm/bayo-canyon-new-mexico-aggregate-area-and-fusrap-sites,FUSRAP,2,-1,,Y,Bayo Canyon Site,1.61E+12,1.61E+12,POINT (-11827314.0709 4285159.436700001)
63,64,64,1985,\CA\Berkeley,https://www.lm.doe.gov/WorkArea/linkit.aspx?LinkIdentifier=id&ItemID=733,14,37.87263,-122.25629,"Berkeley, CA, Site",BCA,CA,https://www.energy.gov/lm/berkeley-california-site,FUSRAP,1,-1,,Y,Berkeley Site,1.61E+12,1.61E+12,POINT (-13609507.9491 4561448.2962)
64,65,65,2004,\MA\Beverly,https://www.lm.doe.gov/WorkArea/linkit.aspx?LinkIdentifier=id&ItemID=2165,14,42.54042,-70.88862,"Beverly, MA, Site",BEV,MA,https://www.energy.gov/lm/beverly-massachusetts-site,FUSRAP,1,-1,,Y,Beverly Site,1.61E+12,1.61E+12,POINT (-7891285.0814 5242278.663199998)
65,66,66,2015,\CA\BurrisPark,https://www.lm.doe.gov/BurrisPark/Factsheet.pdf,14,36.45029,-119.57535,"Burris Park, CA, Site",BRP,CA,https://www.energy.gov/lm/burris-park-california-site,MED/AEC Legacy Site,2,-1,,Y,Burris Park Site,1.61E+12,1.61E+12,POINT (-13311067.0734 4362758.791599996)
66,67,67,2002,\NY\Buffalo,https://www.lm.doe.gov/WorkArea/linkit.aspx?LinkIdentifier=id&ItemID=2196,14,42.84099,-78.83386,"Buffalo, NY, Site",BUF,NY,https://www.energy.gov/lm/buffalo-new-york-site,FUSRAP,1,2262,,Y,Buffalo Site,1.60E+12,1.61E+12,POINT (-8775745.1525 5287800.136799999)
67,68,68,1986,\NM\ChupaderaMesa,https://www.lm.doe.gov/WorkArea/linkit.aspx?LinkIdentifier=id&ItemID=1494,14,34.09813,-106.20924,"Chupadera Mesa, NM, Site",CHM,NM,https://www.energy.gov/lm/chupadera-mesa-new-mexico-site,FUSRAP,1,-1,,Y,Chupadera Mesa Site,1.61E+12,1.61E+12,POINT (-11823158.5143 4041986.110799998)
68,69,69,1989,\IL\ChicagoNorth,https://www.lm.doe.gov/Chicago_North/factsheet.pdf,14,41.799395,-87.606969,"Chicago North, IL, Site",CHN,IL,https://www.energy.gov/lm/chicago-north-illinois-site,FUSRAP,1,-1,,Y,Chicago North Site,1.61E+12,1.61E+12,POINT (-9752363.179 5130976.9934)
69,70,70,1989,\IL\ChicagoSouth,https://www.lm.doe.gov/WorkArea/linkit.aspx?LinkIdentifier=id&ItemID=1239,14,41.790408,-87.599677,"Chicago South, IL, Site",CHS,IL,https://www.energy.gov/lm/chicago-south-illinois-site,FUSRAP,1,-1,,Y,Chicago South Site,1.61E+12,1.61E+12,POINT (-9751551.4373 5129635.100900002)
70,71,71,2001,\OH\ColumbusEast,https://www.lm.doe.gov/Columbus_East/factsheet.pdf,14,39.95694,-83.01174,"Columbus East, OH, Site",COE,OH,https://www.energy.gov/lm/columbus-east-ohio-site,FUSRAP,1,-1,,Y,Columbus East Site,1.61E+12,1.61E+12,POINT (-9240824.626700001 4859686.889200002)
71,72,72,1996,\OH\Fairfield,https://www.lm.doe.gov/Fairfield/factsheet.pdf,14,39.36087,-84.54117,"Fairfield, OH, Site",FFO,OH,https://www.energy.gov/lm/fairfield-ohio-site,FUSRAP,1,-1,,Y,Fairfield Site,1.61E+12,1.61E+12,POINT (-9411079.9955 4773495.7192)
72,73,73,1994,\IL\GraniteCity,https://www.lm.doe.gov/WorkArea/linkit.aspx?LinkIdentifier=id&ItemID=1249,14,38.69149,-90.16289,"Granite City, IL, Site",GRC,IL,https://www.energy.gov/lm/granite-city-illinois-site,FUSRAP,1,-1,,Y,Granite City Site,1.61E+12,1.61E+12,POINT (-10036887.0032 4677576.0145)
73,74,74,1997,\OH\Hamilton,https://www.lm.doe.gov/WorkArea/linkit.aspx?LinkIdentifier=id&ItemID=1725,14,39.38207,-84.54708,"Hamilton, OH, Site",HAO,OH,https://www.energy.gov/lm/hamilton-ohio-site,FUSRAP,1,-1,,Y,Hamilton Site,1.61E+12,1.61E+12,POINT (-9411737.8937 4776548.529100001)
74,75,75,2004,\MA\IndianOrchard,https://www.lm.doe.gov/WorkArea/linkit.aspx?LinkIdentifier=id&ItemID=2173,14,42.15423,-72.49972,"Indian Orchard, MA, Site",INO,MA,https://www.energy.gov/lm/indian-orchard-massachusetts-site,FUSRAP,1,-1,,Y,Indian Orchard Site,1.61E+12,1.61E+12,POINT (-8070631.9131 5184110.420900002)
75,76,76,1983,\NJ\JerseyCity,https://www.lm.doe.gov/WorkArea/linkit.aspx?LinkIdentifier=id&ItemID=1405,14,40.70906,-74.10219,"Jersey City, NJ, Site",JEC,NJ,https://www.energy.gov/lm/jersey-city-new-jersey-site,FUSRAP,1,-1,,Y,Jersey City Site,1.61E+12,1.61E+12,POINT (-8249018.057499999 4969522.331900001)
76,77,77,2002,\IL\Madison,https://www.lm.doe.gov/WorkArea/linkit.aspx?LinkIdentifier=id&ItemID=2550,14,38.68817,-90.166642,"Madison, IL, Site",MAD,IL,https://www.energy.gov/lm/madison-illinois-site,FUSRAP,1,102672,,Y,Madison Site,1.60E+12,1.61E+12,POINT (-10037304.674 4677102.521700002)
77,78,78,1992,\NY\NiagaraFallsStorageVicinityProperties,https://www.lm.doe.gov/WorkArea/linkit.aspx?LinkIdentifier=id&ItemID=2226,14,43.21992684,-78.9732975,"Niagara Falls Storage Site Vicinity Properties, NY, Site",NFV,NY,https://www.energy.gov/lm/niagara-falls-storage-site-vicinity-properties-new-york-site,FUSRAP,1,-1,,Y,Niagara Falls Storage Site Vicinity Properties Site,1.61E+12,1.61E+12,POINT (-8791267.264 5345507.090999998)
78,79,79,2001,\NJ\NewBrunswick,https://www.lm.doe.gov/WorkArea/linkit.aspx?LinkIdentifier=id&ItemID=1448,14,40.470348,-74.476119,"New Brunswick, NJ, Site",NWB,NJ,https://www.energy.gov/lm/new-brunswick-new-jersey-site,FUSRAP,2,3424,,Y,New Brunswick Site,1.60E+12,1.61E+12,POINT (-8290643.643300001 4934529.235600002)
79,80,80,1996,\NY\NewYork,https://www.lm.doe.gov/WorkArea/linkit.aspx?LinkIdentifier=id&ItemID=1608,14,40.74649,-74.00658,"New York, NY, Site",NYN,NY,https://www.energy.gov/lm/new-york-new-york-site,FUSRAP,1,-1,,Y,New York Site,1.61E+12,1.61E+12,POINT (-8238374.801000001 4975020.601899996)
80,81,81,1994,\TN\OakRidgeWarehouses,https://www.lm.doe.gov/WorkArea/linkit.aspx?LinkIdentifier=id&ItemID=1847,14,36.042608,-84.207185,"Oak Ridge, TN, Warehouses Site",ORW,TN,https://www.energy.gov/lm/oak-ridge-tennessee-warehouses-site,FUSRAP,1,-1,,Y,Oak Ridge Warehouses Site,1.61E+12,1.61E+12,POINT (-9373900.9553 4306485.752099998)
81,82,82,1997,\OH\Oxford,https://www.lm.doe.gov/WorkArea/linkit.aspx?LinkIdentifier=id&ItemID=1735,14,39.50375,-84.743455,"Oxford, OH, Site",OXO,OH,https://www.energy.gov/lm/oxford-ohio-site,FUSRAP,1,-1,,Y,Oxford Site,1.61E+12,1.61E+12,POINT (-9433598.2587 4794088.4727)
82,83,83,1995,\CT\Seymour,https://www.lm.doe.gov/WorkArea/linkit.aspx?LinkIdentifier=id&ItemID=1143,14,41.39823,-73.073137,"Seymour, CT, Site",SCT,CT,https://www.energy.gov/lm/seymour-connecticut-site,FUSRAP,1,-1,,Y,Seymour Site,1.61E+12,1.61E+12,POINT (-8134464.4015 5071259.139899999)
83,84,84,1996,\PA\Springdale,https://www.lm.doe.gov/WorkArea/linkit.aspx?LinkIdentifier=id&ItemID=1814,14,40.537774,-79.782012,"Springdale, PA, Site",SPP,PA,https://www.energy.gov/lm/springdale-pennsylvania-site,FUSRAP,1,-1,,Y,Springdale Site,1.61E+12,1.61E+12,POINT (-8881292.950300001 4944400.6514)
84,85,85,2001,\OH\Toledo,https://www.lm.doe.gov/WorkArea/linkit.aspx?LinkIdentifier=id&ItemID=1750,14,41.672238,-83.568668,"Toledo, OH, Site",TLO,OH,https://www.energy.gov/lm/toledo-ohio-site,FUSRAP,1,-1,,Y,Toledo Site,1.61E+12,1.61E+12,POINT (-9302821.568 5112008.031900004)
85,86,86,2009,\NY\TonawandaNorthUnit1,https://www.lm.doe.gov/WorkArea/linkit.aspx?LinkIdentifier=id&ItemID=2256,14,42.992981,-78.920112,"Tonawanda North, NY, Site Unit 1",TN1,NY,https://www.energy.gov/lm/tonawanda-north-new-york-site-unit-1,FUSRAP,1,-1,,Y,Tonawanda North Site Unit 1,1.61E+12,1.61E+12,POINT (-8785346.6812 5310903.544600002)
86,87,87,2009,\NY\TonawandaNorthUnit2,https://www.lm.doe.gov/WorkArea/linkit.aspx?LinkIdentifier=id&ItemID=2256,14,42.998275,-78.915436,"Tonawanda North, NY, Site Unit 2",TN2,NY,https://www.energy.gov/lm/tonawanda-north-new-york-site-unit-2,FUSRAP,1,-1,,Y,Tonawanda North Site Unit 2,1.61E+12,1.61E+12,POINT (-8784826.1512 5311709.288000003)
87,459,88,2016,\OH\Painesville,https://www.lm.doe.gov/Painesville/PainesvilleFactSheet.pdf,14,41.756445,-81.236156,"Painesville, OH, Site",PAI,OH,https://www.energy.gov/lm/painesville-ohio-site,FUSRAP,2,-1,,Y,Painesville Site,1.61E+12,1.61E+12,POINT (-9043167.5199 5124565.618699998)
88,460,89,2017,\NY\Tonawanda,https://www.lm.doe.gov/Tonawanda/TonawandaFactSheet.pdf,14,42.97665,-78.89375,"Tonawanda, NY, Site",TON,NY,https://www.energy.gov/lm/tonawanda-new-york-site,FUSRAP,2,-1,,Y,Tonawanda Site,1.61E+12,1.61E+12,POINT (-8782412.0768 5308418.413900003)
89,461,90,2019,\CT\Windsor,https://www.lm.doe.gov/Windsor/Windsor_Fact_Sheet.pdf,14,41.880214,-72.71927,"Windsor, CT, Site",WIN,CT,https://www.energy.gov/lm/windsor-connecticut-site,FUSRAP,1,-1,,Y,Windsor Site,1.61E+12,1.61E+12,POINT (-8095072.1073 5143052.9366)
90,462,91,2019,\MA\Attleboro,https://www.lm.doe.gov/Attleboro/Attleboro_Fact_Sheet.pdf,14,41.94343,-71.234169,"Attleboro, MA, Site",ATT,MA,https://www.energy.gov/lm/attleboro-massachusetts-site,FUSRAP,1,-1,,Y,Attleboro Site,1.61E+12,1.61E+12,POINT (-7929751.4202 5152509.295400001)
91,463,92,2006,\CA\LaboratoryforEnergy-RelatedHealthResearch,https://www.lm.doe.gov/WorkArea/linkit.aspx?LinkIdentifier=id&ItemID=909,14,38.519166,-121.755111,"Laboratory for Energy-Related Health Research, CA, Site",LEH,CA,https://www.energy.gov/lm/laboratory-energy-related-health-research-lehr-california-site,CERCLA/RCRA,2,102642,,Y,Laboratory for Energy-Related Health Research Site,1.60E+12,1.61E+12,POINT (-13553716.958 4653028.403399996)
92,464,93,2004,\KY\MaxeyFlatsDisposal,https://www.lm.doe.gov/WorkArea/linkit.aspx?LinkIdentifier=id&ItemID=6123,14,38.25875,-83.57,"Maxey Flats, KY, Disposal Site",MAX,KY,https://www.energy.gov/lm/maxey-flats-kentucky-disposal-site,CERCLA/RCRA,1,-1,,Y,Maxey Flats Disposal Site,1.61E+12,1.61E+12,POINT (-9302969.8456 4616043.271399997)
93,864,94,1958,\CO\GrandJunctionCalibrationModel,,14,39.043371,-108.573355,"Grand Junction, CO, Calibration Model",GJC,CO,,Unknown,,-1,,Y,Grand Junction Calibration Model,1.61E+12,1.61E+12,POINT (-12086330.5923 4727886.001599997)
94,865,95,1976,\CO\GrandJunctionRegionalAirportCalibrationModel,,14,39.128555,-108.53707,"Grand Junction Regional Airport, CO, Calibration Model",GAC,CO,,Unknown,,-1,,Y,Grand Junction Regional Airport Calibration Model,1.61E+12,1.61E+12,POINT (-12082291.3646 4740102.737800002)
95,866,96,1967,\NM\GrantsCalibrationModel,,14,35.25447,-107.84307,"Grants, NM, Calibration Model",GNC,NM,,Unknown,,32012,,Y,Grants Calibration Model,1.55E+12,1.61E+12,POINT (-12005035.638 4198516.598200001)
96,867,97,1967,\TX\GeorgeWestCalibrationModel,,14,28.334928,-98.050831,"George West, TX, Calibration Model",GWC,TX,,Unknown,,-1,,Y,George West Calibration Model,1.61E+12,1.61E+12,POINT (-10914968.5788 3291266.549199998)
97,868,98,1967,\WY\CasperCalibrationModel,,14,42.900981,-106.445354,"Casper, WY, Calibration Model",CSC,WY,,Unknown,,-1,,Y,Casper Calibration Model,1.61E+12,1.61E+12,POINT (-11849442.6046 5296912.269599997)
98,1264,99,2019,\NY\Colonie,https://www.lm.doe.gov/Colonie/ColonieFactSheet.pdf,14,42.689729,-73.802984,"Colonie, NY, Site",CLN,NY,https://www.energy.gov/lm/colonie-new-york-site,FUSRAP,2,6318,,Y,Colonie Site,1.60E+12,1.61E+12,POINT (-8215710.597899999 5264864.049699999)
99,1265,100,2019,\CO\Bronco,,16,40.04797041,-108.3685855,"Bronco, CO, Site",BRO,CO,https://www.energy.gov/lm/plowsharevela-uniform-program-sites,PlowshareVelaUniform,2,-1,,Y,Bronco Site,1.61E+12,1.61E+12,POINT (-12063535.7548 4872915.659500003)
100,1266,101,2019,\ID\Pre-SchoonerII,,17,42.40104084,-115.5756959,"Pre-Schooner II, ID, Site",PSC,ID,https://www.energy.gov/lm/plowsharevela-uniform-program-sites,PlowshareVelaUniform,1,-1,,Y,Pre-Schooner II Site,1.61E+12,1.61E+12,POINT (-12865827.6126 5221244.014899999)
101,1267,102,2019,\MT\Pre-GondolaandTrencher,,15,47.92821359,-106.6492418,"Pre-Gondola and Trencher, MT, Site",PGD,MT,https://www.energy.gov/lm/plowsharevela-uniform-program-sites,PlowshareVelaUniform,2,-1,,Y,Pre-Gondola and Trencher Site,1.61E+12,1.61E+12,POINT (-11872139.2879 6094920.431599997)
102,1268,103,2019,\UT\Utah,,18,39.98549651,-109.6115518,"Utah, UT, Site",UTA,UT,https://www.energy.gov/lm/plowsharevela-uniform-program-sites,PlowshareVelaUniform,2,-1,,Y,Utah Site,1.61E+12,1.61E+12,POINT (-12201902.1343 4863834.896300003)
103,1670,106,2020,\NV\TonopahTestRange,https://www.energy.gov/sites/prod/files/2020/09/f79/TonopahTestRangeFactSheet.pdf,11,37.886032,-116.762188,"Tonopah Test Range, NV, Site",TTR,NV,https://www.energy.gov/lm/tonopah-test-range-nevada-site,Nevada Offsites,2,-1,,Y,Tonopah Test Range Site,1.61E+12,1.61E+12,POINT (-12997907.3121 4563338.443400003)